mother,family
father,family
cousin,family
brother,family
son,family
family,family
sister,family
twin,family
foster,family
daughter,family
husband,family
parents,family
wife,family
aunt,family
granddaughter,family
mate,family
divorce,family
people,family
daughter-in-law,family
niece,family
nephew,family
single,family
child,family
youth,family
grandchild,family
woman,family
grandchildren,family
grandfather,family
marriage,family
ex-husband,family
in-laws,family
son-in-law,family
lives,family
stepfather,family
stepson,family
amazing,family
twins,family
uncle,family
widow,family
widower,family
ex-wife,family
engaged,family
married,family
wedding,family
children,family
dad,family
mom,family
relative,family
parent,family
kin,family
blood,family
fraternal,family
friend,family
adoptive,family
homie,family
buddy,family
first cousin,family
funny,family
mother's,family
competitive,family
college,family
spent,family
time,family
work,family
Dear,family
Devoted,family
Devotion,family
Diners,family
Easy-going,family
Embrace,family
Emotion,family
Emotional,family
Empathic,family
Encouragement,family
Endear,family
Endure,family
Engage,family
Excite,family
Faithful,family
Family,family
Fascinate,family
Favor,family
Favorite,family
Fellowship,family
Fiance,family
Flourish,family
Flowers,family
Fond,family
Forgiving,family
Friends,family
Friendship,family
Funny,family
Generous,family
Gentle,family
Gifts,family
Girlfriend,family
Goodness,family
Happy,family
Heart,family
Heartfelt,family
Honest,family
Honey,family
Honor,family
Hug,family
Idolize,family
Inclined,family
Inseparable,family
Karma,family
Kind,family
Kisses,family
kiss,family
Lasting,family
Lifelong,family
likes,family
Love,family
Loyal,family
birthday,family
Mutual,family
Nurture,family
Pal,family
Peaceful,family
Personality,family
Precious,family
Protect,family
Regard,family
Relationship,family
Remembrance,family
Respectful,family
Restaurant,family
Romance,family
Secrets,family
Selfless,family
Sensitive,family
Sharing,family
Shelter,family
Sincere,family
Smiling,family
Sociable,family
Soul,family
Special,family
Support,family
Sweet,family
Sympathetic,family
Warm-hearted,family
Warmth,family
Well-intentioned,family
Winning,family
Wonderful,family
remember,family
grandmothers,family
grandfathers,family
great-grandchild,family
great-grandchildren,family
alive,family
cheated,family
business,family
Mother,family
selling,family
nice,family
lunch,family
biological,family
grow,family
adopted,family
complaining,family
sons,family
raise,family
daughters,family
stepmother,family
'Dad',family
stepdaughter,family
marry,family
stepdaughters,family
talk,family
remarried,family
Marital,family
Relationships,family
Marriage,family
relationships,family
Divorced,family
divorced,family
Engaged,family
Helen,family
She's,family
Married,family
couples,family
separated,family
Single,family
man,family
living,family
Widowed,family
widowed,family
triplets,family
wedlock,family
separation,family
sibling,family
sister-in-law,family
sisterhood,family
sisterly,family
spouse,family
relations,family
quadruplets,family
quintuplets,family
papa,family
partner,family
offspring,family
orphan,family
nuclear,family
ma,family
maiden,family
mama,family
maternal,family
matrimony,family
mommy,family
monogamy,family
mother-in-law,family
lineage,family
love,family
loyalty,family
kindred,family
kinship,family
in-law,family
infancy,family
grampa,family
grandma,family
grandmother,family
grandpa,family
grandparent,family
grandson,family
granny,family
great-aunt,family
great-granddaughter,family
great-grandfather,family
great-grandmother,family
great-grandparent,family
great-grandson,family
great-uncle,family
groom,family
grownup,family
half-brother,family
half-sister,family
heir,family
heiress,family
helpmate,family
hereditary,family
household,family
eligible,family
engagement,family
extended,family
father-in-law,family
fiancee,family
born,family
childhood,family
clan,family
close-knit,family
daddy,family
descendant,family
bachelor,family
birth,family
bride,family
bridegroom,family
brother-in-law,family
brotherhood,family
brotherly,family
ancestor,family
bro,family
My aunt,family
My brother,family
My cousin,family
one son.,family
son. father,family
father My,family
My father,family
20 grandchildren!,family
grandchildren! Faithful,family
Faithful Family,family
Family Fascinate,family
/ son,family
His granddaughter,family
granddaughter gave,family
card with,family
She had,family
with their,family
family! son-in-law,family
son-in-law,family
daughter-in-law Her,family
Her daughter-in-law,family
daughter-in-law told,family
mother Mother,family
my mother,family
a nephew,family
the parents.,family
two stepdaughters,family
stepdaughters and,family
one stepson.,family
My uncle,family
my father.,family
a widow,family
never remarried.,family
remarried. widower,family
The widower,family
widower is,family
My wife,family
wife is,family
amazing woman,family
money. Marital,family
Marital Relationships,family
Relationships Marriage,family
Marriage brings,family
brings change.,family
of relationships:,family
relationships: Divorced:,family
is divorced,family
divorced,family
is engaged,family
engaged to,family
be married,family
married next,family
the wedding.,family
wedding. Married:,family
been married,family
to divorce.,family
a single,family
single man,family
man living,family
living in,family
tribe triplets,family
trust trustworthy,family
trustworthy twin,family
twin brother,family
brother twin,family
twin sister,family
sister twins,family
twins wedding,family
wedding wedlock,family
wedlock wife,family
wife second,family
second cousin,family
separation sibling,family
sibling single,family
single sister,family
sister sister-in-law,family
sister-in-law sisterhood,family
sisterhood sisterly,family
sisterly son,family
son son-in-law,family
son-in-law spouse,family
spouse step,family
step brother,family
brother step,family
step child,family
step children,family
step dad,family
step daughter,family
step father,family
step mom,family
step mother,family
step sister,family
step son,family
surrogate mother,family
mother related,family
related relations,family
quads quints,family
quints quintuplets,family
pa papa,family
papa parent,family
parent partner,family
partner paternal,family
paternal patriarch,family
pop posterity,family
posterity offspring,family
nuclear family,family
family nuptial,family
nuptial nurture,family
nurture ma,family
maiden name,family
name mama,family
mama marriage,family
marriage mate,family
mother-in-law lineage,family
infancy infant,family
infant inherit,family
inherit inheritance,family
inheritance juvenile,family
juvenile genealogy,family
genealogy grampa,family
grampa gramps,family
gramps grandchild,family
grandchild grandchildren,family
grandchildren granddaughter,family
granddaughter grandfather,family
grandfather grandma,family
grandma grandmother,family
grandmother grandpa,family
grandpa grandparent,family
grandparent grandson,family
grandson granny,family
granny great-aunt,family
great-aunt great-granddaughter,family
great-granddaughter great-grandfather,family
great-grandfather great-grandmother,family
great-grandmother great-grandparent,family
great-grandparent great-grandson,family
great-grandson great-uncle,family
great-uncle groom,family
groom grownup,family
grownup half-brother,family
half-brother half-sister,family
half-sister heir,family
heir heiress,family
heiress helpmate,family
helpmate hereditary,family
hereditary heritage,family
heritage history,family
history home,family
home household,family
household husband,family
extended family,family
family tree,family
father father-in-law,family
father-in-law fiancee,family
first born,family
children clan,family
daughter daughter-in-law,family
bridegroom brother,family
Nicotine,health
Nutrition,health
Obesity,health
allergy,health
unpleasant,health
painful,health
therapy,health
high,health
study,health
rules,health
things,health
cough,health
Infectious,health
infectious,health
check-up,health
Opiates,health
nerves,health
patient,health
heal,health
antibiotic,health
sick,health
fatty,health
Life,health
sadness,health
intercourse,health
victim,health
fitness,health
dietary,health
ingredient,health
Anabolic,health
steroids,health
synthetic,health
sleeping,health
energy-giving,health
growth,health
muscle,health
nervosa,health
Binge,health
sugar,health
medicines,health
addict,health
syndrome,health
cancer,health
oxygen,health
bloodstream,health
stream,health
inhaled,health
exhaled,health
consciousness,health
tumor,health
chromosomes,health
genes,health
attacks,health
Testes,health
Parental,health
sex,health
STDs,health
Blood Pressure,health
or disease,health
living cells,health
of energy,health
relieve pain,health
highly contagious,health
contagious viral,health
viral disease,health
a stomach,health
or pain,health
respiratory disease,health
a body,health
Heart attack,health
Heart disease,health
disease -,health
the wound,health
Infectious disease,health
an infectious,health
infectious disease,health
doctor can,health
The surgeon,health
a health,health
Lifestyle disease,health
by unhealthy,health
unhealthy behaviors,health
the pressure,health
the deceased,health
deceased person,health
a healthy,health
healthy body,health
and exercise,health
Anabolic steroids,health
energy-giving nutrients,health
a nutrient,health
diet that,health
the nutrients,health
one's weight,health
body weight,health
and mental,health
medicines that,health
a tobacco,health
are drugs,health
glucose from,health
their genetic,health
the cells,health
cells of,health
sex cells,health
the uterus,health
uterus and,health
dose of medicine,health
an infectious disease,health
The doctor can,health
#NAME?,health
female reproductive organs,health
to the uterus,health
Acupuncture,health
Addictive,health
Aerobics,health
Aids,health
Allergy,health
Anemia,health
Antidote,health
Athletics,health
Authentic,health
Beauty,health
Bones,health
Breath,health
Breathe,health
Calcium,health
Calorie,health
Cardiac,health
Cereal,health
Circulation,health
Culinary,health
Deadly,health
Diagnostic,health
Diet,health
Diner,health
Dinner,health
Disease,health
Dish,health
Disorder,health
Eatery,health
Energy,health
Exercise,health
Fruit,health
Genetics,health
Gland,health
Herb,health
HIV,health
Hormone,health
Hungry,health
Hygiene,health
Hygienic,health
Immunity,health
Immunization,health
housing,community
city,community
Park,community
people,community
trees,community
house,community
work,community
space,community
public,community
bodies,community
street,community
building,community
tree,community
project,community
the city,community
property,community
land,community
urban,community
homes,community
residents,community
spaces,community
Estate,community
Los Angeles.,community
Concord Park,community
areas,community
neighborhoods,community
houses,community
queer,community
architecture,community
town,community
projects,community
Places,community
buildings,community
gay,community
group,community
market,community
development,community
communities,community
Gardens,community
policy,community
for Places,community
City,community
transgender,community
blacks,community
community,community
local,community
Estate of,community
shelter,community
canopy,community
sidewalks,community
law,community
luxury,community
park,community
plant,community
uranium,community
Robin,community
Hood,community
Cohen,community
anarchitecture,community
racial,community
across the,community
The Estate,community
The Estate of,community
Estate of Gordon,community
block,community
high,community
light,community
making,community
change,community
met,community
rights,community
from a,community
bus,community
front,community
fact,community
order,community
political,community
abandoned,community
would be,community
Angeles. [Monica,community
Angeles. [Monica Nouwens for Places,community
money,community
climate,community
Washington,community
a public,community
shelters,community
cities,community
landscape,community
structures,community
system,community
sites,community
industrial,community
National,community
Society,community
activists,community
language,community
parkways,community
garbage,community
demolition,community
civil,community
apartments,community
area,community
the building,community
downtown,community
transit,community
cultural,community
national,community
desert,community
suburbs,community
Highway,community
country,community
Avenue,community
complex,community
construction,community
worlds,community
infrastructure,community
County,community
Island,community
association,community
vision,community
homeowners,community
environment,community
Estate of Gordon Matta-Clark,community
The Estate of Gordon Matta-Clark,community
Estate of Gordon Matta-Clark and,community
police,community
neighbors,community
Chicago,community
credit,finance
money,finance
account,finance
amount,finance
income,finance
pay,finance
Credit,finance
loan,finance
payments,finance
savings,finance
debt,finance
price,finance
financial,finance
Money,finance
a credit,finance
fee,finance
an account,finance
The amount,finance
investment,finance
bill,finance
Investment,finance
finance,finance
Income,finance
deductions,finance
deposit,finance
invests,finance
dividends,finance
expenses,finance
share,finance
credit card,finance
creditors,finance
fees,finance
purchases,finance
investments,finance
A loan,finance
withdraw money,finance
goods and services,finance
to withdraw money,finance
one of the organized,finance
A bond that is,finance
IOUs that are repaid,finance
Percentage,finance
cost,finance
potential,finance
regular,finance
Teller,finance
Electronic,finance
institutions,finance
Average,finance
balances,finance
load,finance
Bank,finance
issuing,finance
cycle,finance
front,finance
established,finance
consistently,finance
Bond,finance
corporate,finance
businesses,finance
profit,finance
option,finance
contracts,finance
expiration,finance
items,finance
flow,finance
Savings,finance
instruments,finance
office,finance
NASDAQ,finance
Securities,finance
Negotiable,finance
offered,finance
Net,finance
profits,finance
spending,finance
Overdraft,finance
selling,finance
orders,finance
aside money,finance
A retirement,finance
payments made,finance
Stock Exchange,finance
you owe,finance
cost of,finance
rate of,finance
A contract,finance
money is,finance
bonds or,finance
An order,finance
a stock,finance
of financial,finance
financial institutions,finance
withdrawals,finance
a billing,finance
you pay,finance
of stocks,finance
deposits and,finance
of paying,finance
Fair Credit,finance
of corporations,finance
stock market,finance
a profit,finance
fixed price,finance
as stocks,finance
stocks,finance
interest is,finance
debit card,finance
the borrower,finance
loan or,finance
interest: Interest,finance
IOU issued,finance
creditworthiness Credit,finance
safe,financial_security
secure,financial_security
collateral,financial_security
fund,financial_security
finance,financial_security
insurance,financial_security
fiscal,financial_security
protection,financial_security
asset,financial_security
bank,financial_security
deposit,financial_security
redemption,financial_security
credit,financial_security
dsl,financial_security
goodish,financial_security
caregiver,financial_security
sed,financial_security
better,financial_security
honorably,financial_security
magick,financial_security
saintliness,financial_security
goodly,financial_security
amelioration,financial_security
security,financial_security
hapiness,financial_security
nongood,financial_security
betterish,financial_security
goodo,financial_security
jewelery,financial_security
alot,financial_security
enlightment,financial_security
vengence,financial_security
lien,financial_security
surety,financial_security
guarantor,financial_security
guarantee,financial_security
warranty,financial_security
financial,financial_security
insure,financial_security
be intelligent,financial_security
feel important,financial_security
have good memory,financial_security
love each other,financial_security
fast car,financial_security
easy life,financial_security
be content,financial_security
be know,financial_security
good salary,financial_security
love and respect,financial_security
much money,financial_security
love relationship,financial_security
good relationship,financial_security
delicious food,financial_security
be celebrate,financial_security
be sexy,financial_security
slim waist,financial_security
clear vision,financial_security
sound sleep,financial_security
more information,financial_security
job security,financial_security
indoor plumb,financial_security
college degree,financial_security
clean cloth,financial_security
good conversation,financial_security
park place,financial_security
something sweet,financial_security
good lover,financial_security
big paycheck,financial_security
be excite,financial_security
clean air,financial_security
logic and reason,financial_security
acquire wealth,financial_security
free stuff,financial_security
new life,financial_security
happy child,financial_security
good family,financial_security
save environment,financial_security
peace on earth,financial_security
be need,financial_security
sense of purpose,financial_security
affectionate relationship,financial_security
everlasting life,financial_security
good spouse,financial_security
happy marriage,financial_security
free refill,financial_security
cool summer,financial_security
fast internet connection,financial_security
purpose in life,financial_security
be elegant,financial_security
catch sale,financial_security
feel want,financial_security
positive thing,financial_security
lot of window,financial_security
make contribution,financial_security
be neat,financial_security
clean nose,financial_security
thick hair,financial_security
life forever,financial_security
sweet fruit,financial_security
touch each other,financial_security
safety,financial_security
conflict resolution,financial_security
take vacation,financial_security
be amaze,financial_security
fresh produce,financial_security
be god,financial_security
nice house,financial_security
eat ripe apple,financial_security
be slim,financial_security
be wise,financial_security
pay off debt,financial_security
be stable,financial_security
ice cream sundae,financial_security
free money,financial_security
nice food,financial_security
strong body,financial_security
good education,financial_security
cable modem,financial_security
be clever,financial_security
self actualization,financial_security
fame and fortune,financial_security
be right,financial_security
achieve enlightenment,financial_security
love family,financial_security
make others happy,financial_security
strong relationship,financial_security
see clearly,financial_security
be recognize,financial_security
good drink,financial_security
be king,financial_security
enough to eat,financial_security
make more money,financial_security
run business,financial_security
be leader,financial_security
be well receive,financial_security
free food,financial_security
save world,financial_security
good body,financial_security
spicy food,financial_security
smooth sail,financial_security
feel smart,financial_security
good memory,financial_security
pass grade,financial_security
be hero,financial_security
make movie,financial_security
strong bone,financial_security
perfect 10,financial_security
low tax,financial_security
warm clothe,financial_security
be safe,financial_security
single malt scotch,financial_security
live well,financial_security
become rich,financial_security
finish good,financial_security
fine wine,financial_security
good life,financial_security
french food,financial_security
human contact,financial_security
big money,financial_security
play with doll,financial_security
time to relax,financial_security
be notice,financial_security
be fair,financial_security
fast computer,financial_security
be independent,financial_security
be promote,financial_security
good night's sleep,financial_security
nice clothe,financial_security
have good day,financial_security
fight good fight,financial_security
good teacher,financial_security
know all,financial_security
good pay,financial_security
be honor,financial_security
know everything,financial_security
feel warm,financial_security
goody goody,financial_security
feel safe,financial_security
avoid fall,financial_security
guaranty,financial_security
german car,financial_security
go to france,financial_security
be inspire,financial_security
good credit,financial_security
meet expectation,financial_security
watch good movie,financial_security
good value,financial_security
many different thing,financial_security
good taste food,financial_security
perform well,financial_security
gain understand,financial_security
clean hair,financial_security
long lifespan,financial_security
real thing,financial_security
freedom of expression,financial_security
warm weather,financial_security
comfortable shoe,financial_security
get enough sleep,financial_security
reach summit,financial_security
positive reinforcement,financial_security
watch sport,financial_security
sing and dance,financial_security
lot of money,financial_security
feel pleasure,financial_security
look at thing,financial_security
world peace,financial_security
look beautiful,financial_security
beautiful day,financial_security
health insurance,financial_security
capital good,financial_security
win medal,financial_security
green thumb,financial_security
spaghetti bolognese,financial_security
be remember,financial_security
good music,financial_security
eternal life,financial_security
stay young,financial_security
not be bore,financial_security
have it easy,financial_security
new experience,financial_security
assure,financial_security
safeness,financial_security
safeguard,financial_security
indemnity,financial_security
ensure,financial_security
assurance,financial_security
safekeeping,financial_security
save,financial_security
loan,financial_security
lender,financial_security
bergh,financial_security
confident,financial_security
saver,financial_security
mortgage,financial_security
protect,financial_security
economy,financial_security
invest,financial_security
ransom,financial_security
safely,financial_security
defender,financial_security
banc,financial_security
protectionism,financial_security
protective,financial_security
gage,financial_security
guard,financial_security
conservation,financial_security
economic,financial_security
banker,financial_security
defence,financial_security
protector,financial_security
defend,financial_security
conservator,financial_security
apologist,financial_security
trustworthiness,financial_security
easy street,financial_security
guardian,financial_security
thrift,financial_security
moneylender,financial_security
ease,financial_security
comfortable,financial_security
arbitrage,financial_security
have,financial_security
unsecured,financial_security
easy,financial_security
par,financial_security
derivative,financial_security
embank,financial_security
depositor,financial_security
bankroll,financial_security
bodyguard,financial_security
investment,financial_security
shield,financial_security
payable,financial_security
teller,financial_security
economical,financial_security
savior,financial_security
defense,financial_security
certainty,financial_security
payout,financial_security
money,financial_security
indemnify,financial_security
warrant,financial_security
frith,financial_security
ach,financial_security
redeem,financial_security
dependable,financial_security
sure,financial_security
keeper,financial_security
thrifty,financial_security
repayment,financial_security
reliable,financial_security
fiduciary,financial_security
rescue,financial_security
chaperone,financial_security
pledge,financial_security
investor,financial_security
embankment,financial_security
ward,financial_security
confidence,financial_security
reimburse,financial_security
apology,financial_security
conserve,financial_security
bastion,financial_security
preservation,financial_security
overprotect,financial_security
bankable,financial_security
banklike,financial_security
nonbank,financial_security
enshield,financial_security
grubstake,financial_security
autosave,financial_security
defensative,financial_security
protectable,financial_security
bield,financial_security
radioprotection,financial_security
monetize,financial_security
foreguard,financial_security
cyberwallet,financial_security
mutual fund,financial_security
defendable,financial_security
beshield,financial_security
unguaranteed,financial_security
have-not,financial_security
subsidization,financial_security
fail safe,financial_security
modaraba,financial_security
seabank,financial_security
moneyback,financial_security
savepoint,financial_security
setoff,financial_security
cyberbanking,financial_security
pinchpenny,financial_security
moneywise,financial_security
cybermoney,financial_security
imburse,financial_security
beward,financial_security
cashless,financial_security
dollarless,financial_security
mothproof,financial_security
billfold,financial_security
moneymaker,financial_security
antimoney,financial_security
actively protect,financial_security
fnance and economy,financial_security
caution money,financial_security
mortgage lender,financial_security
peace dividend,financial_security
body guard,financial_security
charge,financial_security
portfolio,financial_security
bond,financial_security
arb,financial_security
financial institution,financial_security
underwrite,financial_security
bear,financial_security
break,financial_security
distress,financial_security
strength,financial_security
underwriter,financial_security
benefit,financial_security
interest,financial_security
wall,financial_security
yield,financial_security
naked,financial_security
roll,financial_security
fraud,financial_security
maturity,financial_security
pool,financial_security
power,financial_security
wage,financial_security
venture capital,financial_security
premium bond,financial_security
panic,financial_security
analyst,financial_security
hedge,financial_security
funding,financial_security
otc,financial_security
nasdaq,financial_security
welfare,financial_security
straddle,financial_security
good,financial_security
assets,financial_security
lamb,financial_security
negotiate,financial_security
prosperity,financial_security
sec,financial_security
funds,financial_security
scrip,financial_security
cap,financial_security
stocks,financial_security
comfort,financial_security
hedging,financial_security
repo,financial_security
purchase,financial_security
bills,financial_security
freedom,financial_security
social,financial_security
insecure,financial_security
fail,financial_security
strong,financial_security
zero coupon bond,financial_security
bridge loan,financial_security
depository financial institution,financial_security
line of credit,financial_security
liquid asset,financial_security
life save,financial_security
front money,financial_security
bank rate,financial_security
charge interest,financial_security
money supply,financial_security
audit,financial_security
amex,financial_security
nyse,financial_security
stake,financial_security
store money,financial_security
paper bill,financial_security
safety net,financial_security
baby sit,financial_security
put aside,financial_security
investment bank,financial_security
security agreement,financial_security
derivative instrument,financial_security
gold bug,financial_security
cash advance,financial_security
central bank,financial_security
e bank,financial_security
key money,financial_security
buy house,financial_security
watch over,financial_security
money holder,financial_security
banker's lien,financial_security
payment counter,financial_security
save account,financial_security
cheque book cover,financial_security
food bank,financial_security
bank account,financial_security
keep money,financial_security
cash in hand,financial_security
break bank,financial_security
penny pincher,financial_security
credit transfer,financial_security
affinity card,financial_security
on defensive,financial_security
dead pledge,financial_security
dollar bill,financial_security
seed money,financial_security
blind ecash,financial_security
cash bill,financial_security
operate expense,financial_security
bank card,financial_security
third party processor,financial_security
war chest,financial_security
in bank,financial_security
earnest money,financial_security
earles penny,financial_security
rent money,financial_security
e money,financial_security
ready money,financial_security
plastic money,financial_security
dirty money,financial_security
in wallet,financial_security
disposable income,financial_security
blood money,financial_security
shakeout,financial_security
merchant bank,financial_security
market value,financial_security
investment company,financial_security
investment trust,financial_security
regulation s-x,financial_security
form 10-q,financial_security
form 10-k,financial_security
nondepository financial institution,financial_security
capital account,financial_security
investment firm,financial_security
wall street,financial_security
market order,financial_security
insider trading,financial_security
securities analyst,financial_security
the city,financial_security
money market,financial_security
as the right to life,safety
the right to life,safety
the law and freedom of,safety
economic,safety
social and cultural rights,safety
and cultural rights,safety
cultural rights,safety
human rights are often expressed,safety
international law ,safety
rights treaties,safety
treaties,safety
reflecting consent of States which,safety
consent of States which creates,safety
of States which creates legal,safety
States which creates legal obligations,safety
which creates legal obligations for,safety
creates legal obligations for them,safety
legal obligations for them and,safety
obligations for them and giving,safety
Human Rights in 1948,safety
in 1948,safety
1948,safety
has been reiterated in numerous,safety
injury,safety
fire,safety
basic,safety
guilty,safety
guilty of,safety
a crime,safety
crime by,safety
feel,psychological
disorder,psychological
thought,psychological
health,psychological
stress,psychological
feeling,psychological
mind,psychological
anger,psychological
personality,psychological
hurting,psychological
thoughts,psychological
therapist,psychological
happy,psychological
love,psychological
mental,psychological
anxiety,psychological
feels,psychological
sense,psychological
brain,psychological
thought of,psychological
Extreme,psychological
death,psychological
fear,psychological
afraid,psychological
symptom,psychological
thinking,psychological
of hurting,psychological
feel like I,psychological
feelings,psychological
blood,psychological
heart,psychological
intense,psychological
bad,psychological
disorders,psychological
mood,psychological
emotional,psychological
suicide,psychological
therapy,psychological
dissociation,psychological
paranoia,psychological
paranoid,psychological
afraid of,psychological
I thought,psychological
my therapist,psychological
I'm afraid of,psychological
the thought of,psychological
thought of hurting,psychological
I feel like I,psychological
Stress,psychological
tiredness,psychological
Disorder,psychological
OCD,psychological
emptiness,psychological
hate,psychological
killing,psychological
diagnosed,psychological
trust,psychological
stress that,psychological
Extreme tiredness,psychological
mental health,psychological
personality disorder,psychological
the sense,psychological
I just feel,psychological
want to hurt,psychological
mentalemotional,psychological
social,psychological
Heredity,psychological
total,psychological
harm,psychological
behaviors,psychological
live,psychological
Personality,psychological
behavior,psychological
beliefs,psychological
fight,psychological
fatigue,psychological
anorexia,psychological
bulimia,psychological
Depression,psychological
sadness,psychological
bipolar,psychological
self-concept,psychological
distress,psychological
suicidal,psychological
acceptance,psychological
behavioural,psychological
dead,psychological
pleasure,psychological
borderline,psychological
depression,psychological
dependency,psychological
empathy,psychological
panic,psychological
attack,psychological
worries,psychological
scared,psychological
angry,psychological
caring,psychological
worried,psychological
empathetic,psychological
tired,psychological
scare,psychological
jealous,psychological
instinct,psychological
divorced,psychological
anxious,psychological
and anger,psychological
blood pressure,psychological
fear of,psychological
intense anxiety,psychological
anxiety disorder,psychological
bipolar disorder,psychological
of suicide,psychological
borderline personality,psychological
hurting someone,psychological
I hate,psychological
worries me,psychological
hurting people,psychological
I love,psychological
feeling like,psychological
fatigue Extreme tiredness,psychological
borderline personality disorder,psychological
used to scare,psychological
makes me feel,psychological
an intense fear of,psychological
feel like I don't,psychological
I'm afraid of the,psychological
and the thought of,psychological
the thought of hurting,psychological
thought of hurting someone,psychological
I have the thought,psychological
have the thought of,psychological
want to hurt her,psychological
it makes me feel,psychological
job,work
work,work
synthesis,work
money,work
a job,work
hours,work
company,work
works,work
management,work
salary,work
position,work
period of,work
job or,work
employee,work
pay,work
skills,work
working,work
of money,work
training,work
wages,work
group,work
experience,work
knowledge,work
employees,work
leave,work
process,work
resources,work
works for,work
firm,work
application,work
order,work
paid,work
ability,work
services,work
workplace,work
management process,work
employer,work
profession,work
wage,work
letter,work
skill,work
education,work
buy,work
business,work
a firm,work
or company,work
who works for,work
worker,work
apprentice,work
trainee,work
sack,work
dismiss,work
fixed,work
system,work
standard,work
ideas,work
income,work
plan,work
task,work
supply,work
an employee,work
for wages,work
wages or,work
of hours,work
the workplace,work
money that,work
how you,work
of something,work
step in,work
the management,work
number of hours,work
in the workplace,work
supply of something,work
the management process,work
step in the management,work
in the management process,work
in the management process -,work
interview,work
Unemployment,work
unemployed,work
resign,work
unemployment,work
part-time,work
payment,work
learn,work
resume,work
employment,work
insurance,work
hire,work
promotion,work
career,work
workers,work
goods,work
worked,work
Income,work
jobs,work
communication,work
ordered,work
invoice,work
customer,work
stock,work
customers,work
solve,work
asset,work
a salary.,work
your job,work
the work,work
a problem,work
an issue,work
resources an,work
an asset,work
or supply,work
for a job,work
firm or company,work
to an employee,work
for a firm,work
or a salary.,work
from a job,work
an asset or,work
for wages or a salary.,work
earn,work
trade,work
apprenticeship,work
vacancy,work
quit,work
benefit,work
full-time,work
flexitime,work
overtime,work
qualifications,work
trained,work
benefits,work
Employ,work
graduate,work
success,work
economic,work
strike,work
Employer,work
behavior,work
Job,work
Overtime,work
Salary,work
Part-time,work
Employee,work
organization,work
remittance,work
successful,work
tasks,work
co-workers,work
equipment,work
professional,work
expertise,work
organize,work
boss,work
opportunities,work
meeting,work
formal,work
software,work
programs,work
processing,work
to earn,work
job interview,work
training course,work
sack somebody,work
work in,work
company for,work
do work,work
Employ or,work
a company.,work
recent graduate,work
work of,work
one's job,work
working in,work
particular job,work
a trainee,work
an employer,work
work is,work
job in,work
company that,work
agreement,work
specific job,work
sack,work
company for wages,work
do work for,work
work for wages,work
in a company.,work
People who work,work
who work for,work
a particular job,work
pay for a,work
without a job.,work
a specific job,work
by a company,work
management process of,work
do work for wages,work
work for wages or,work
number of hours considered,work
People who work for,work
who work for a,work
work for a firm,work
occupation,work
Application,work
CV,work
apply,work
Working,work
Pay,work
plumber,work
supernatural,spiritual
divine,spiritual
sacred,spiritual
religious,spiritual
spirit,spiritual
god,spiritual
religion,spiritual
phantasmal,spiritual
ghostlike,spiritual
ghostly,spiritual
spectral,spiritual
unearthly,spiritual
deity,spiritual
afterlife,spiritual
apparitional,spiritual
holy,spiritual
theology,spiritual
nature,spiritual
negro spiritual,spiritual
worship,spiritual
immaterial,spiritual
incorporeal,spiritual
unworldly,spiritual
godly,spiritual
enlightenment,spiritual
happiness,spiritual
meditation,spiritual
mystical,spiritual
moral,spiritual
buddhist,spiritual
cultural,spiritual
concept,spiritual
numen,spiritual
kami,spiritual
deism,spiritual
shint?,spiritual
monotheistic,spiritual
polytheism,spiritual
theism,spiritual
allah,spiritual
monotheism,spiritual
goddamn,spiritual
godless,spiritual
pantheism,spiritual
deist,spiritual
theurge,spiritual
unitarianism,spiritual
godliness,spiritual
agnosticism,spiritual
jehovah,spiritual
tetragrammaton,spiritual
divinity,spiritual
godhood,spiritual
demiurge,spiritual
godhead,spiritual
godlike,spiritual
theosophy,spiritual
ungodly,spiritual
demogorgon,spiritual
theologian,spiritual
omnipotent,spiritual
quetzalcoatl,spiritual
seraph,spiritual
deify,spiritual
zombi,spiritual
almighty,spiritual
pantheist,spiritual
godling,spiritual
ambrosial,spiritual
spiritualist,spiritual
theo,spiritual
deification,spiritual
mahound,spiritual
atheism,spiritual
divinely,spiritual
omniscient,spiritual
spirituality,spiritual
divination,spiritual
faith,spiritual
hebe,spiritual
agnostic,spiritual
healing,spiritual
environment,spiritual
apatheism,spiritual
polydeism,spiritual
wisdom,spiritual
spiritism,spiritual
cosmocrat,spiritual
teachings,spiritual
theurgy,spiritual
goddess,spiritual
monolatrism,spiritual
holiness,spiritual
demon,spiritual
godmother,spiritual
henotheism,spiritual
omnitheism,spiritual
binitarianism,spiritual
spiritually,spiritual
kathenotheism,spiritual
idol,spiritual
devotion,spiritual
bitheism,spiritual
shrine,spiritual
theophobic,spiritual
duotheism,spiritual
superhuman,spiritual
belief,spiritual
transtheism,spiritual
soul,spiritual
ontologism,spiritual
godward,spiritual
goddy,spiritual
suitheism,spiritual
exgod,spiritual
yahweh,spiritual
pantheon,spiritual
olympian,spiritual
dažbog,spiritual
antigod,spiritual
vayu,spiritual
cosmicism,spiritual
halfgod,spiritual
tradition,spiritual
demigod,spiritual
godlore,spiritual
undergod,spiritual
theopathic,spiritual
krishna,spiritual
undeify,spiritual
begod,spiritual
duotheistic,spiritual
tritheist,spiritual
ungod,spiritual
blasphemy,spiritual
shaman,spiritual
salvation,spiritual
knowledge,spiritual
maltheism,spiritual
understanding,spiritual
intellectual,spiritual
genie,spiritual
supreme,spiritual
intercession,spiritual
providence,spiritual
morpheus,spiritual
godship,spiritual
beliefs,spiritual
life,spiritual
tenjin,spiritual
ghoul,spiritual
ploutos,spiritual
tritheism,spiritual
blaspheme,spiritual
theist,spiritual
christ,spiritual
ditheism,spiritual
panentheism,spiritual
trinity,spiritual
self,spiritual
inspiration,spiritual
apotheosize,spiritual
hephaestus,spiritual
saintly,spiritual
manifestation,spiritual
traditions,spiritual
islam,spiritual
theopanism,spiritual
freedom,spiritual
deific,spiritual
sense,spiritual
panatheism,spiritual
reverence,spiritual
tolerance,spiritual
theophobia,spiritual
sufi,spiritual
divineness,spiritual
izanagi,spiritual
islamic,spiritual
profound,spiritual
consciousness,spiritual
enduring,spiritual
rituals,spiritual
shared,spiritual
pneumatology,spiritual
undivine,spiritual
compassion,spiritual
respect,spiritual
unity,spiritual
vision,spiritual
humanity,spiritual
piety,spiritual
subdivine,spiritual
contemplation,spiritual
jesus,spiritual
divinize,spiritual
eternal,spiritual
genuine,spiritual
apatheist,spiritual
semidivine,spiritual
molinism,spiritual
undivined,spiritual
discourse,spiritual
ry?jin,spiritual
malebranchism,spiritual
essence,spiritual
divinify,spiritual
values,spiritual
secular,spiritual
dowse,spiritual
trinitarianism,spiritual
tetratheism,spiritual
disciples,spiritual
christianity,spiritual
ideals,spiritual
harmony,spiritual
fulfillment,spiritual
sufism,spiritual
realm,spiritual
human,spiritual
culture,spiritual
divinator,spiritual
friendship,spiritual
reconciliation,spiritual
movement,spiritual
prayer,spiritual
divinatory,spiritual
struggle,spiritual
superbeing,spiritual
democracy,spiritual
expression,spiritual
desire,spiritual
conception,spiritual
masses,spiritual
importance,spiritual
disciple,spiritual
followers,spiritual
preaching,spiritual
relative,spiritual
ritual,spiritual
indivinity,spiritual
existence,spiritual
influence,spiritual
extraordinary,spiritual
transcendence,spiritual
learning,spiritual
society,spiritual
buddhism,spiritual
political,spiritual
monotheist,spiritual
mankind,spiritual
TRUE,spiritual
healer,spiritual
godcasting,spiritual
pandeism,spiritual
juventas,spiritual
spiritual be,spiritual
mikoshi,spiritual
susanoo,spiritual
ousia,spiritual
suijin,spiritual
charism,spiritual
deiform,spiritual
inugami,spiritual
ghostking,spiritual
spiritize,spiritual
dystheism,spiritual
spiritedness,spiritual
tsukuyomi,spiritual
ancestor,spiritual
skydaddy,spiritual
panendeism,spiritual
religious song,spiritual
divineress,spiritual
creation,spiritual
high be,spiritual
hindu deity,spiritual
personal god,spiritual
spiritual awaken,spiritual
god give,spiritual
god of gap,spiritual
your mind,spiritual
supreme be,spiritual
holy father,spiritual
odyssean wicca,spiritual
god forsake,spiritual
errand ghost,spiritual
philosophers,spiritual
most high,spiritual
holy spirit,spiritual
household deity,spiritual
fall angel,spiritual
divine providence,spiritual
hare krishna,spiritual
semitic deity,spiritual
heaven send,spiritual
divine intervention,spiritual
high power,spiritual
judge person,spiritual
holy ghost,spiritual
yoga,spiritual
prosperity theology,spiritual
metaphysical,spiritual
earthly,spiritual
theological,spiritual
mystic,spiritual
scriptural,spiritual
congregational,spiritual
devotional,spiritual
shamanic,spiritual
pastoral,spiritual
spiritualistic,spiritual
contemplative,spiritual
transcendental,spiritual
meditative,spiritual
eschatological,spiritual
trinitarian,spiritual
taoist,spiritual
worldly,spiritual
transpersonal,spiritual
sacerdotal,spiritual
sacramental,spiritual
kabbalistic,spiritual
pantheistic,spiritual
messianic,spiritual
yogic,spiritual
animistic,spiritual
prayerful,spiritual
ecclesial,spiritual
catechetical,spiritual
transcendent,spiritual
psychical,spiritual
fleshly,spiritual
heavenly,spiritual
emotional,spiritual
evangelic,spiritual
corporeal,spiritual
biblical,spiritual
philosophical,spiritual
shamanistic,spiritual
liturgical,spiritual
supernal,spiritual
pious,spiritual
priestly,spiritual
pietistic,spiritual
theosophical,spiritual
evangelistic,spiritual
redemptive,spiritual
exegetical,spiritual
patristic,spiritual
karmic,spiritual
ascetic,spiritual
humanistic,spiritual
heavenly father,spiritual
human race,spiritual
kingdom of heaven,spiritual
promise land,spiritual
water divine,spiritual
hakadosh baruch hu,spiritual
evil spirit,spiritual
philosophy,spiritual
metaphysics,spiritual
meditational,spiritual
ascetical,spiritual
christocentric,spiritual
homiletic,spiritual
churchly,spiritual
mithraic,spiritual
exilic,spiritual
intercessory,spiritual
syncretistic,spiritual
passionist,spiritual
christlike,spiritual
vedantic,spiritual
premillennial,spiritual
deistic,spiritual
numinous,spiritual
nontheistic,spiritual
noetic,spiritual
centeredness,spiritual
ecology,spiritual
osho,spiritual
philosopher,spiritual
trance,spiritual
krishnamurti,spiritual
gautama buddha,spiritual
sacred scripture,spiritual
protestant reformation,spiritual
zen buddhist,spiritual
eucharistic liturgy,spiritual
jungian psychology,spiritual
mahayana buddhism,spiritual
blessed sacrament,spiritual
zen buddhism,spiritual
theravada buddhism,spiritual
catechetical instruction,spiritual
ahura mazda,spiritual
