Modesty,humility
Arrogance,humility
Gentleness,humility
Chastity,humility
Piety,humility
Obedience,humility
Honesty,humility
Repentance,humility
Compassion,humility
Patience,humility
Reverence,humility
Simplicity,humility
Pride,humility
Virtue,humility
Fortitude,humility
Humble,humility
Sincerity,humility
Forgiveness,humility
Temperance,humility
Benevolence,humility
Moderation,humility
Lowly,humility
Generosity,humility
Deference,humility
Holiness,humility
Sanctity,humility
Conceit,humility
Purity,humility
Perseverance,humility
Penance,humility
Mock,humility
Arrogant,humility
Diligence,humility
Adoration,humility
Abstinence,humility
Gratitude,humility
Sweetness,humility
Vanity,humility
Devotion,humility
Zeal,humility
Tenderness,humility
Pretension,humility
Ascetic,humility
Bowing,humility
Charity,humility
Kindness,humility
Haughty,humility
Proud,humility
Awe,humility
Submission,humility
Prudence,humility
Presumption,humility
Lesson,humility
Greatness,humility
Humbly,humility
Unworthy,humility
Wisdom,humility
Pious,humility
Sinner,humility
Denial,humility
Rebuke,humility
Beseech,humility
Spirituality,humility
Veneration,humility
Prostrate,humility
Bowed,humility
Adherence,humility
Madonna,humility
Garb,humility
Unaffected,humility
Dignity,humility
Saviour,humility
Greed,humility
Openness,humility
Sincere,humility
Exalted,humility
Alms,humility
Goodness,humility
Profound,humility
Integrity,humility
Entreat,humility
Genuine,humility
Humiliation,humility
Irony,humility
Restraint,humility
Prayer,humility
Wherefore,humility
Preach,humility
Reproach,humility
Sarcasm,humility
Fervent,humility
Spiritual,humility
Righteousness,humility
Empathy,humility
Mercy,humility
Token,humility
Divine,humility
Him,humility
Franciscan,humility
Earnestness,humility
Prejudice,pride
Superiority,pride
Luxury,pride
Honesty,pride
Boast,pride
Contempt,pride
Despise,pride
Temper,pride
Vanity,pride
Arrogance,pride
Humility,pride
Austen,pride
Self,pride
Beauty,pride
Pomp,pride
Haughty,pride
Vanity,pride
Gay,pride
Puffed,pride
Envy,pride
Purge,pride
Parade,pride
Conceit,pride
Lust,pride
Ufc,pride
Tact,pride
Tko,pride
Lesbian,pride
Charley,pride
Gratify,pride
Transgender,pride
Greed,pride
Chosen,pride
Gay,pride
Yokohama,pride
Patriotism,pride
Ambition,pride
Scorn,pride
Middleweight,pride
Swell,pride
Choke,pride
Modesty,pride
Darcy,pride
Ashamed,pride
Swell,pride
Stoppage,pride
Hypocrisy,pride
Humiliation,pride
Manhood,pride
Revolt,pride
Irritate,pride
Nagoya,pride
Shame,pride
Stubborn,pride
Dignity,pride
Disarm,pride
Gratification,pride
Mortal,pride
Manly,pride
Joy,pride
Boast,pride
Flatter,pride
Ability,pride
Sinful,pride
Jealousy,pride
Knowing,pride
Always,pride
Proud,pride
Civic,pride
Lucifer,pride
Insolent,pride
Secretly,pride
Humble,pride
Deceit,pride
Idleness,pride
Unanimous,pride
Submission,pride
Disdain,pride
Sting,pride
Detachment,pride
Swelling,pride
Offended,pride
Presumption,pride
Resentment,pride
Marching,pride
Marches,pride
Beam,pride
Purity,pride
Arrogant,pride
Mingle,pride
Glory,pride
Sensibility,pride
Lesbian,pride
Flattering,pride
Civilized,pride
Thrill,pride
Greatness,pride
Magnificence,pride
Stately,pride
Humiliate,pride
Refreshing,coolness
Bravery,coolness
Delicious,coolness
Utmost,coolness
Courage,coolness
Firmness,coolness
Exasperate,coolness
Gallantry,coolness
Indifference,coolness
Freshness,coolness
Warmth,coolness
Admirable,coolness
Composure,coolness
Breeze,coolness
Softness,coolness
Pluck,coolness
Soothing,coolness
Consummate,coolness
Displayed,coolness
Betwixt,coolness
Delightful,coolness
Shade,coolness
Foresight,coolness
Dew,coolness
Tact,coolness
Envy,coolness
Deliberation,coolness
Daring,coolness
Conspicuous,coolness
Extraordinary,coolness
Agreeable,coolness
Heat,coolness
Repose,coolness
Pervade,coolness
Provoke,coolness
Temper,coolness
Tranquil,coolness
Conditioned,coolness
Disregard,coolness
Chill,coolness
Damp,coolness
Quiet,coolness
Refresh,coolness
Amazed,coolness
Marvel,coolness
Astonished,coolness
Shadowed,coolness
Sweat,coolness
Demeanor,coolness
Fragrant,coolness
Spring,coolness
Shade,coolness
Valour,coolness
Admire,coolness
Grateful,coolness
Serene,coolness
Veranda,coolness
Splashed,coolness
Scent,coolness
Crisp,coolness
Agility,coolness
Fan,coolness
Stillness,coolness
Display,coolness
Marvellous,coolness
Sensation,coolness
Aromatic,coolness
Judgment,coolness
Bathe,coolness
Facing,coolness
Perfect,coolness
Behave,coolness
Cool,coolness
Welcome,coolness
Discretion,coolness
Scoop,coolness
Sweating,coolness
Feel,coolness
Admiration,coolness
Extinguish,coolness
Calm,coolness
Utter,coolness
Forsake,coolness
Moist,coolness
Remarkable,coolness
Equal,coolness
Ludlow,coolness
Fountain,coolness
Flavour,coolness
Bitterness,coolness
Rapidity,coolness
Blessed,coolness
Nerve,coolness
Dauphin,coolness
Superb,coolness
Foliage,coolness
Peril,coolness
Foyer,coolness
Brow,coolness
Coolly,coolness
Levin,indiscipline
Expel,indiscipline
Tolerate,indiscipline
Discipline,indiscipline
Corruption,indiscipline
Suspended,indiscipline
Scandal,indiscipline
Penalty,indiscipline
Lack,indiscipline
Regiment,indiscipline
Acknowledge,indiscipline
Army,indiscipline
Due,indiscipline
Soldier,indiscipline
Defeat,indiscipline
Promotion,indiscipline
Match,indiscipline
Party,indiscipline
Pay,indiscipline
Send,indiscipline
Officer,indiscipline
Team,indiscipline
Simple,indiscipline
Argue,indiscipline
Serious,indiscipline
National,indiscipline
Fear,indiscipline
Contract,indiscipline
Goal,indiscipline
Report,indiscipline
Deceit,hypocrisy
Falsehood,hypocrisy
Greed,hypocrisy
Cant,hypocrisy
Sincerity,hypocrisy
Satire,hypocrisy
Conceit,hypocrisy
Cruelty,hypocrisy
Expose,hypocrisy
Expose,hypocrisy
Flattery,hypocrisy
Piety,hypocrisy
Wickedness,hypocrisy
Deception,hypocrisy
Accuse,hypocrisy
Pretense,hypocrisy
Denounce,hypocrisy
Arrogance,hypocrisy
Pretence,hypocrisy
Cowardice,hypocrisy
Injustice,hypocrisy
Bourgeois,hypocrisy
Honesty,hypocrisy
Intolerance,hypocrisy
Superstition,hypocrisy
Righteousness,hypocrisy
Oppression,hypocrisy
Morality,hypocrisy
Envy,hypocrisy
Corruption,hypocrisy
Materialism,hypocrisy
Consummate,hypocrisy
Malice,hypocrisy
Treachery,hypocrisy
Vanity,hypocrisy
Lust,hypocrisy
Mockery,hypocrisy
Tyranny,hypocrisy
Accused,hypocrisy
Mock,hypocrisy
Deceive,hypocrisy
Hatred,hypocrisy
Pretend,hypocrisy
Vile,hypocrisy
Irony,hypocrisy
Virtue,hypocrisy
Ignorance,hypocrisy
Accusation,hypocrisy
Despise,hypocrisy
Odious,hypocrisy
Sanctity,hypocrisy
Abyss,hypocrisy
Criticise,hypocrisy
Condemn,hypocrisy
Righteous,hypocrisy
Virtuous,hypocrisy
Folly,hypocrisy
Pious,hypocrisy
Pretension,hypocrisy
Criticize,hypocrisy
Contradiction,hypocrisy
Brutality,hypocrisy
Vanity,hypocrisy
Scorn,hypocrisy
Gentleness,hypocrisy
Ambition,hypocrisy
Immoral,hypocrisy
Condemnation,hypocrisy
Moral,hypocrisy
Racism,hypocrisy
Intrigue,hypocrisy
Sincere,hypocrisy
Devotion,hypocrisy
Unworthy,hypocrisy
Contrast,hypocrisy
Stupidity,hypocrisy
Absurdity,hypocrisy
Forgiveness,hypocrisy
Holiness,hypocrisy
Aversion,hypocrisy
Pride,hypocrisy
Lurk,hypocrisy
Rebuke,hypocrisy
Sin,hypocrisy
Moral,hypocrisy
Critique,hypocrisy
Sexuality,hypocrisy
Indictment,hypocrisy
Prejudice,hypocrisy
Fraud,hypocrisy
Professed,hypocrisy
Abducted,hypocrisy
Puritan,hypocrisy
Hateful,hypocrisy
Campaigning,hypocrisy
Contrive,hypocrisy
Alienate,hypocrisy
False,hypocrisy
Morally,hypocrisy
Conceal,hypocrisy
Authenticity,genuineness
Epistle,genuineness
Forgery,genuineness
Empathy,genuineness
Doubt,genuineness
Handwriting,genuineness
Question,genuineness
Attest,genuineness
Doubt,genuineness
Testimony,genuineness
Gospel,genuineness
Dispute,genuineness
Sincerity,genuineness
Genuine,genuineness
Credibility,genuineness
Therapist,genuineness
Proof,genuineness
Signature,genuineness
Isaiah,genuineness
Ascribe,genuineness
Manifestation,genuineness
Canonical,genuineness
Attested,genuineness
Doubtful,genuineness
Simplicity,genuineness
Gospel,genuineness
Piety,genuineness
Phenomenon,genuineness
Suspicion,genuineness
Norton,genuineness
Preface,genuineness
Test,genuineness
Scripture,genuineness
Miracle,genuineness
Evidence,genuineness
Prove,genuineness
Fragment,genuineness
Honesty,genuineness
Furnish,genuineness
Psychic,genuineness
Therapeutic,genuineness
Document,genuineness
Warmth,genuineness
Relic,genuineness
Witnessed,genuineness
Antiquity,genuineness
Convince,genuineness
Fraud,genuineness
Apostle,genuineness
Pronounce,genuineness
Valid,genuineness
Regard,genuineness
Testify,genuineness
Competent,genuineness
Argument,genuineness
Entertain,genuineness
Testament,genuineness
Question,genuineness
Asserted,genuineness
Proof,genuineness
Letter,genuineness
Narrative,genuineness
Deny,genuineness
Inspiration,genuineness
Valuable,genuineness
Confirm,genuineness
Sufficient,genuineness
Manuscript,genuineness
Conviction,genuineness
Opinion,genuineness
Integrity,genuineness
Admit,genuineness
Satisfy,genuineness
Priority,genuineness
Sect,genuineness
Ink,genuineness
Expert,genuineness
Belief,genuineness
Faith,genuineness
Banker,genuineness
Internal,genuineness
Concern,genuineness
Sermon,genuineness
Suspect,genuineness
Objection,genuineness
Passage,genuineness
Expressed,genuineness
Canon,genuineness
Respect,genuineness
Scholar,genuineness
Dispute,genuineness
Revelation,genuineness
Exhibit,genuineness
Thoroughly,genuineness
Test,genuineness
Inscription,genuineness
Biblical,genuineness
Alleged,genuineness
Proved,genuineness
Rely,genuineness
Foresight,acumen
Shrewd,acumen
Business,acumen
Managerial,acumen
Prowess,acumen
Tactical,acumen
Novak,acumen
Investing,acumen
Intellectual,acumen
Expertise,acumen
Mcgill,acumen
Carte,acumen
Financial,acumen
Duffy,acumen
Critical,acumen
Skill,acumen
Jacqueline,acumen
Fellows,acumen
Keen,acumen
Lack,acumen
Impress,acumen
Endowed,acumen
Displayed,acumen
Lyrical,acumen
Remarkable,acumen
Possessed,acumen
Philosophical,acumen
Genius,acumen
Considerable,acumen
Eloquence,acumen
Nonprofit,acumen
Insight,acumen
Political,acumen
Entrepreneur,acumen
Emerald,acumen
Ambition,acumen
Venture,acumen
Ability,acumen
Fund,acumen
Display,acumen
Leadership,acumen
Legal,acumen
Technical,acumen
Lack,acumen
Impress,acumen
Theological,acumen
Analytical,acumen
Putnam,acumen
Financially,acumen
Thorough,acumen
Wit,acumen
Talent,acumen
Demonstrate,acumen
Simulation,acumen
Marx,acumen
Extraordinary,acumen
Wealth,acumen
Understanding,acumen
Marketing,acumen
Exceptional,acumen
Reputation,acumen
Diplomatic,acumen
Combine,acumen
Judgment,acumen
Cope,acumen
Knowledge,acumen
Fortune,acumen
Logical,acumen
Publishing,acumen
Sharp,acumen
Ceo,acumen
Combination,acumen
Learning,acumen
Possess,acumen
Brilliant,acumen
Scholarship,acumen
Literary,acumen
Integrity,acumen
Innovative,acumen
Dj,acumen
Investment,acumen
Durham,acumen
Ness,acumen
Courage,acumen
Wealthy,acumen
Distinguished,acumen
Owe,acumen
Perceive,acumen
Corporate,acumen
Success,acumen
Tactic,acumen
Personality,acumen
Reflected,acumen
Professional,acumen
Business,acumen
Quality,acumen
Nation,acumen
Creative,acumen
Enterprise,acumen
Proved,acumen
Concur,judgment
Plaintiff,judgment
Dissenting,judgment
Pronounce,judgment
Affirm,judgment
Appellate,judgment
Impartial,judgment
Debtor,judgment
Defendant,judgment
Kant,judgment
Defendant,judgment
Err,judgment
Subjective,judgment
Righteous,judgment
Suspend,judgment
Resurrection,judgment
Righteousness,judgment
Verdict,judgment
Reasoning,judgment
Reversed,judgment
Deference,judgment
Moral,judgment
Reverse,judgment
Summary,judgment
Tact,judgment
Discretion,judgment
Normative,judgment
Overrule,judgment
Erroneous,judgment
Censure,judgment
Deferred,judgment
Writ,judgment
Nuremberg,judgment
Intuition,judgment
Appeal,judgment
Tribunal,judgment
Hasty,judgment
Perceptual,judgment
Michelangelo,judgment
Intuitive,judgment
Lapse,judgment
Reasoned,judgment
Impair,judgment
Condemnation,judgment
Bias,judgment
Impaired,judgment
Default,judgment
Osiris,judgment
Appeal,judgment
Aesthetic,judgment
Repentance,judgment
Unjust,judgment
Predicate,judgment
Error,judgment
Posterity,judgment
Prudence,judgment
Plurality,judgment
Injunction,judgment
Creditor,judgment
Investigative,judgment
Coolness,judgment
Reasoning,judgment
Snap,judgment
Afterlife,judgment
Infringement,judgment
Trust,judgment
Ruling,judgment
Conclusive,judgment
Warped,judgment
Validity,judgment
Prejudice,judgment
Opinion,judgment
Faulty,judgment
Firmness,judgment
Court,judgment
Fairness,judgment
Exercise,judgment
Vacate,judgment
Almighty,judgment
Wickedness,judgment
Libel,judgment
Condemn,judgment
Juror,judgment
Unconstitutional,judgment
Uphold,judgment
Presumption,judgment
Approbation,judgment
Factual,judgment
Withhold,judgment
Apocalyptic,judgment
Judge,judgment
Clouded,judgment
Dictate,judgment
Rash,judgment
Conscience,judgment
Ethical,judgment
Inference,judgment
Infringe,judgment
Rationality,judgment
Justly,judgment
Beware,caution
Prudence,caution
Careful,caution
Utmost,caution
Prudent,caution
Warning,caution
Moderation,caution
Wary,caution
Outweigh,caution
Hasty,caution
Warning,caution
Secrecy,caution
Precaution,caution
Referee,caution
Advise,caution
Warn,caution
Restraint,caution
Danger,caution
Urge,caution
Avoid,caution
Recommend,caution
Lap,caution
Restart,caution
Should,caution
Err,caution
Tarzan,caution
Watchful,caution
Risky,caution
Offence,caution
Dangerous,caution
Advice,caution
Pit,caution
Exercise,caution
Recommended,caution
Conclusion,caution
Busch,caution
Patient,caution
Bias,caution
Pregnant,caution
Debris,caution
Restart,caution
Counsel,caution
Instinct,caution
Risk,caution
Interpreting,caution
Extreme,caution
Advised,caution
Spin,caution
Lust,caution
Easy,caution
Tire,caution
Pit,caution
Hereby,caution
Vigilance,caution
Collide,caution
Foresight,caution
Advisable,caution
Hush,caution
Habitual,caution
Sparhawk,caution
Flag,caution
Needless,caution
Proceed,caution
Instinctive,caution
Sadler,caution
Urge,caution
Cowardice,caution
Jimmie,caution
Jarrett,caution
Wreck,caution
Unnecessary,caution
Distrust,caution
Cautious,caution
Exercise,caution
Discretion,caution
Urging,caution
Allergic,caution
Warily,caution
Excessive,caution
Ambrose,caution
Interpreted,caution
Sideways,caution
Steady,caution
Jubal,caution
Misleading,caution
Caution,caution
Caution,caution
Exit,caution
Stall,caution
Fly,caution
Homosexuality,caution
Waved,caution
Race,caution
Kyle,caution
Repeatedly,caution
Skepticism,caution
Whisper,caution
Frazer,caution
Approach,caution
Be,caution
Negligence,recklessness
Extravagance,recklessness
Rea,recklessness
Utter,recklessness
Reckless,recklessness
Cowardice,recklessness
Suicidal,recklessness
Boyish,recklessness
Daring,recklessness
Dashing,recklessness
Indifference,recklessness
Defiant,recklessness
Foresight,recklessness
Despair,recklessness
Headlong,recklessness
Prudence,recklessness
Folly,recklessness
Subjective,recklessness
Intoxication,recklessness
Generosity,recklessness
Defendant,recklessness
Desperation,recklessness
Caution,recklessness
Punitive,recklessness
Bravery,recklessness
Courage,recklessness
Foresee,recklessness
Intent,recklessness
Greed,recklessness
Malice,recklessness
Cruelty,recklessness
Gross,recklessness
Iliad,recklessness
Beget,recklessness
Coolness,recklessness
Sheer,recklessness
Gambler,recklessness
Sasha,recklessness
Offence,recklessness
Excess,recklessness
Malay,recklessness
Youthful,recklessness
Hopeful,recklessness
Endanger,recklessness
Vanity,recklessness
Ignorance,recklessness
Dash,recklessness
Arrogance,recklessness
Impatience,recklessness
Downfall,recklessness
Trojan,recklessness
Peril,recklessness
Hardy,recklessness
Liability,recklessness
Careless,recklessness
Defiance,recklessness
Indictment,recklessness
Amount,recklessness
Streak,recklessness
Homicide,recklessness
Criminal,recklessness
Mood,recklessness
Guilty,recklessness
Blindness,recklessness
Consequence,recklessness
Talon,recklessness
Desperate,recklessness
Suffice,recklessness
Madness,recklessness
Misery,recklessness
Excitement,recklessness
Cost,recklessness
Shocked,recklessness
Indifferent,recklessness
Cunningham,recklessness
Intention,recklessness
Temperament,recklessness
Mere,recklessness
Display,recklessness
Delicacy,recklessness
Splendid,recklessness
Impulse,recklessness
Assertion,recklessness
Charged,recklessness
Extraordinary,recklessness
Accused,recklessness
Menace,recklessness
Theft,recklessness
Danger,recklessness
Outright,recklessness
Temper,recklessness
Ruined,recklessness
Compromise,recklessness
Milo,recklessness
Disposition,recklessness
Virtue,recklessness
Scramble,recklessness
Passion,recklessness
Mad,recklessness
Charge,recklessness
Temperance,moderation
Prudence,moderation
Abstinence,moderation
Firmness,moderation
Moderator,moderation
Moderate,moderation
Modesty,moderation
Gentleness,moderation
Tranquillity,moderation
Humility,moderation
Tact,moderation
Restraint,moderation
Neutron,moderation
Extreme,moderation
Abstain,moderation
Chastity,moderation
Virtue,moderation
Mediation,moderation
Wisdom,moderation
Drinking,moderation
Perseverance,moderation
Tolerance,moderation
Moderate,moderation
Generosity,moderation
Enlightened,moderation
Discretion,moderation
Excess,moderation
Temper,moderation
Moderate,moderation
Sulla,moderation
Alcohol,moderation
Piety,moderation
Decency,moderation
Indulgence,moderation
Beverage,moderation
Fortitude,moderation
Fairness,moderation
Graphite,moderation
Drinker,moderation
Compromise,moderation
Calorie,moderation
Islamic,moderation
Wholesome,moderation
Simplicity,moderation
Zeal,moderation
Ascetic,moderation
Shew,moderation
Exercise,moderation
Precept,moderation
Partake,moderation
Advocate,moderation
Wherefore,moderation
Alcoholic,moderation
Diet,moderation
Patriotism,moderation
Virtuous,moderation
Islamist,moderation
Caution,moderation
Edict,moderation
Tempered,moderation
Cato,moderation
Excess,moderation
Recommend,moderation
Downfall,moderation
Justly,moderation
Eating,moderation
Urge,moderation
Patience,moderation
Exaggeration,moderation
Drinking,moderation
Honesty,moderation
Prudent,moderation
Propriety,moderation
Sensual,moderation
Fission,moderation
Fasting,moderation
Erasmus,moderation
Counsel,moderation
Heretic,moderation
Eloquence,moderation
Consume,moderation
Wise,moderation
Practise,moderation
Courage,moderation
Preach,moderation
Consuming,moderation
Mediator,moderation
Tyranny,moderation
Utterance,moderation
Restrain,moderation
Sectarian,moderation
Admirable,moderation
Equity,moderation
Pompey,moderation
Semblance,moderation
Disposition,moderation
Greatness,moderation
Conservatism,moderation
Justice,moderation
Sentiment,moderation
Lust,greed
Envy,greed
Arrogance,greed
Hypocrisy,greed
Deceit,greed
Stupidity,greed
Vanity,greed
Cowardice,greed
Jealousy,greed
Materialism,greed
Cruelty,greed
Delusion,greed
Hatred,greed
Ambition,greed
Motivate,greed
Corruption,greed
Greedy,greed
Selfish,greed
Craving,greed
Conceit,greed
Ignorance,greed
Treachery,greed
Capitalism,greed
Malice,greed
Capitalist,greed
Injustice,greed
Motive,greed
Grievance,greed
Ego,greed
Erich,greed
Anger,greed
Heroism,greed
Generosity,greed
Vanity,greed
Corporate,greed
Ruthless,greed
Disregard,greed
Tyranny,greed
Exploitation,greed
Aversion,greed
Hate,greed
Strife,greed
Wrath,greed
Grasping,greed
Pride,greed
Worldly,greed
Falsehood,greed
Thirst,greed
Wealth,greed
Indulgence,greed
Innkeeper,greed
Attachment,greed
Thriving,greed
Brutality,greed
Inflame,greed
Revenge,greed
Humility,greed
Hunger,greed
Nirvana,greed
Evil,greed
Passion,greed
Reckless,greed
Wickedness,greed
Sheer,greed
Compassion,greed
Motive,greed
Motivation,greed
Devour,greed
Oppression,greed
Desperation,greed
Plunder,greed
Adultery,greed
Deception,greed
Desire,greed
Inequality,greed
Sinful,greed
Poison,greed
Fuel,greed
Sin,greed
Downfall,greed
Excite,greed
Racism,greed
Rebirth,greed
Misery,greed
Overcome,greed
Looting,greed
Gratify,greed
Overwhelm,greed
Denounce,greed
Patriotism,greed
Folly,greed
Betrayal,greed
Domination,greed
Capitalist,greed
Theft,greed
Fear,greed
Vengeance,greed
Blinded,greed
Cunning,greed
Satire,greed
Perseverance,patience
Fortitude,patience
Gentleness,patience
Humility,patience
Tact,patience
Sorely,patience
Exhausted,patience
Endurance,patience
Persistence,patience
Lacey,patience
Prudence,patience
Firmness,patience
Ingenuity,patience
Endure,patience
Reward,patience
Exemplary,patience
Tax,patience
Diligence,patience
Infinite,patience
Carte,patience
Affliction,patience
Chastity,patience
Virtue,patience
Kindness,patience
Generosity,patience
Suffering,patience
Exaggerated,patience
Courage,patience
Tedious,patience
Sweetness,patience
Exasperate,patience
Temper,patience
Compassion,patience
Deliverance,patience
Admirable,patience
Impatience,patience
Moderation,patience
Chivalry,patience
Stupidity,patience
Forgiveness,patience
Temperance,patience
Toil,patience
Heroism,patience
Obedience,patience
Entreat,patience
Wait,patience
Waiting,patience
Modesty,patience
Weary,patience
Utmost,patience
Patiently,patience
Muster,patience
Restraint,patience
Resignation,patience
Serenity,patience
Honesty,patience
Endless,patience
Enduring,patience
Tolerance,patience
Sancho,patience
Wisdom,patience
Sublime,patience
Abbe,patience
Losing,patience
Provocation,patience
Wait,patience
Requisite,patience
Test,patience
Pluck,patience
Lose,patience
Piety,patience
Willingness,patience
Resolute,patience
Goodness,patience
Sincerity,patience
Ida,patience
Devotion,patience
Await,patience
Shuffle,patience
Cunning,patience
Quixote,patience
Beseech,patience
Cultivate,patience
Bear,patience
Scant,patience
Pathetic,patience
Tenderness,patience
Repentance,patience
Exercise,patience
Bore,patience
Suffering,patience
Strained,patience
Way,patience
Hodgson,patience
Politeness,patience
Inhuman,patience
Incessant,patience
Possessed,patience
Purity,patience
Insult,patience
Feverish,impatience
Restrain,impatience
Eagerness,impatience
Awaited,impatience
Exclamation,impatience
Irritation,impatience
Evince,impatience
Gesture,impatience
Restrained,impatience
Await,impatience
Uneasiness,impatience
Repress,impatience
Curb,impatience
Manifest,impatience
Wait,impatience
Anger,impatience
Weariness,impatience
Annoyance,impatience
Contemptuous,impatience
Repressed,impatience
Impatient,impatience
Tinge,impatience
Stamped,impatience
Restraint,impatience
Pace,impatience
Quiver,impatience
Anxiety,impatience
Disgust,impatience
Frustration,impatience
Protracted,impatience
Utmost,impatience
Tapping,impatience
Concealed,impatience
Conceal,impatience
Longing,impatience
Restless,impatience
Betray,impatience
Drum,impatience
Frenzy,impatience
Boyish,impatience
Hint,impatience
Boredom,impatience
Resentment,impatience
Hurrying,impatience
Agony,impatience
Suspense,impatience
Exasperate,impatience
Temper,impatience
Patience,impatience
Curiosity,impatience
Displeasure,impatience
Rapidity,impatience
Conscious,impatience
Eager,impatience
Fever,impatience
Contempt,impatience
Delay,impatience
Intolerable,impatience
Hasten,impatience
Tedious,impatience
Mingle,impatience
Burst,impatience
Outburst,impatience
Haste,impatience
Quivering,impatience
Breathless,impatience
Renie,impatience
Fro,impatience
Indignant,impatience
Excitement,impatience
Indignation,impatience
Hurry,impatience
Soothe,impatience
Momentary,impatience
Interruption,impatience
Utter,impatience
Hasty,impatience
Twitch,impatience
Scorn,impatience
Childish,impatience
Apprehension,impatience
Gratify,impatience
Manifest,impatience
Arrogance,impatience
Frown,impatience
Ferocious,impatience
Sense,impatience
Taut,impatience
Indifference,impatience
Idleness,impatience
Grimace,impatience
Politeness,impatience
Hurried,impatience
Frantic,impatience
Craving,impatience
Trembling,impatience
Mounting,impatience
Fiery,impatience
Waiting,impatience
Cedric,impatience
Perseverance,persevere
Encouragement,persevere
Patiently,persevere
Motto,persevere
Undertaking,persevere
Discourage,persevere
Obstacle,persevere
Hardship,persevere
Righteous,persevere
Encourage,persevere
Endeavour,persevere
Courage,persevere
Determination,persevere
Unjust,persevere
Therein,persevere
Cherish,persevere
Patience,persevere
Sinful,persevere
Faithfully,persevere
Zeal,persevere
Salvation,persevere
Repentance,persevere
Inconvenience,persevere
Spite,persevere
Fortitude,persevere
Entreat,persevere
Entreaty,persevere
Firmness,persevere
Perilous,persevere
Resolved,persevere
Faith,persevere
Determined,persevere
Observance,persevere
Exertion,persevere
Countryman,persevere
Resolution,persevere
Resolve,persevere
Believer,persevere
Grace,persevere
Persuade,persevere
Decree,persevere
Steadily,persevere
Earnestly,persevere
Urgency,persevere
Consistency,persevere
Elect,persevere
Disposition,persevere
Sin,persevere
Allah,persevere
Eternal,persevere
Though,persevere
Persist,persevere
Although,persevere
Overcome,persevere
Discern,persevere
Urge,persevere
Abandon,persevere
Difficulty,persevere
Assurance,persevere
Reward,persevere
Endure,persevere
Intention,persevere
Still,persevere
Assure,persevere
Excel,persevere
Task,persevere
Hitherto,persevere
Save,persevere
Him,persevere
Babylon,persevere
Eternity,persevere
Conscience,persevere
Anxious,persevere
Denial,persevere
Obstruction,persevere
Persecution,persevere
Resolve,persevere
Struggle,persevere
Satisfactory,persevere
Hope,persevere
Uphold,persevere
Collision,persevere
Induce,persevere
Happiness,persevere
Intrigue,persevere
Painful,persevere
Circumstance,persevere
Conquer,persevere
Sinner,persevere
Difficult,persevere
Urge,persevere
Procure,persevere
Prayer,persevere
Compel,persevere
Objection,persevere
Justify,persevere
Folly,persevere
Desire,persevere
Temptation,persevere
Conduct,persevere
Cling,tenacity
Cling,tenacity
Perseverance,tenacity
Courage,tenacity
Hardness,tenacity
Persistence,tenacity
Ferocity,tenacity
Bravery,tenacity
Ingenuity,tenacity
Adhere,tenacity
Firmness,tenacity
Endurance,tenacity
Fortitude,tenacity
Rayon,tenacity
Vigor,tenacity
Fibre,tenacity
Vitality,tenacity
Heroism,tenacity
Determination,tenacity
Sheer,tenacity
Longevity,tenacity
Remarkable,tenacity
Felipe,tenacity
Admire,tenacity
Bull,tenacity
Courageous,tenacity
Incomprehensible,tenacity
Cleavage,tenacity
Katie,tenacity
Yarn,tenacity
Grim,tenacity
Foresight,tenacity
Patience,tenacity
Sticking,tenacity
Extraordinary,tenacity
Valor,tenacity
Midfield,tenacity
Grasp,tenacity
Gallantry,tenacity
Astonishing,tenacity
Colossal,tenacity
Relentless,tenacity
Cellulose,tenacity
Jelly,tenacity
Purpose,tenacity
Prowess,tenacity
Devotion,tenacity
Strength,tenacity
Vampire,tenacity
Desperate,tenacity
Stubborn,tenacity
Invincible,tenacity
Flexibility,tenacity
Daring,tenacity
Starch,tenacity
Displayed,tenacity
Skill,tenacity
Characteristic,tenacity
Horus,tenacity
Fiber,tenacity
Heroic,tenacity
Withstand,tenacity
Filament,tenacity
Singular,tenacity
Fight,tenacity
Quality,tenacity
Possess,tenacity
Horrid,tenacity
Bulldog,tenacity
Pamela,tenacity
Nickname,tenacity
Hannibal,tenacity
Resist,tenacity
Equal,tenacity
Grip,tenacity
Morphological,tenacity
Peculiar,tenacity
Possessed,tenacity
Integrity,tenacity
Refusal,tenacity
Bull,tenacity
Keen,tenacity
Exhibit,tenacity
Jade,tenacity
Fracture,tenacity
Lauren,tenacity
Outward,tenacity
Praise,tenacity
Apt,tenacity
Attachment,tenacity
Affection,tenacity
Triumph,tenacity
Pursue,tenacity
Overcome,tenacity
Lust,tenacity
Awful,tenacity
Odds,tenacity
Reputation,tenacity
Temperament,tenacity
Wonderful,tenacity
Idleness,laziness
Stupidity,laziness
Lazy,laziness
Greed,laziness
Cowardice,laziness
Negligence,laziness
Boredom,laziness
Ignorance,laziness
Indifference,laziness
Sheer,laziness
Neglect,laziness
Antidote,laziness
Industrious,laziness
Arrogance,laziness
Vanity,laziness
Ruin,laziness
Weakness,laziness
Distraction,laziness
Luxury,laziness
Intellectual,laziness
Luxurious,laziness
Adultery,laziness
Societal,laziness
Habit,laziness
Lack,laziness
Cruelty,laziness
Hurrying,laziness
Idle,laziness
Excuse,laziness
Beggar,laziness
Obesity,laziness
Indulgence,laziness
Pride,laziness
Abide,laziness
Poverty,laziness
Negroes,laziness
Stereo,laziness
Delicious,laziness
Fatigue,laziness
Prone,laziness
Appetite,laziness
Excess,laziness
Leisure,laziness
Complain,laziness
Enjoyment,laziness
Fit,laziness
Hospitality,laziness
Exertion,laziness
Spouse,laziness
Ambition,laziness
Overtake,laziness
Corruption,laziness
Tendency,laziness
Parasite,laziness
Owing,laziness
Cure,laziness
Temper,laziness
Failing,laziness
Fault,laziness
Silly,laziness
Mere,laziness
Sin,laziness
Wholly,laziness
Perceived,laziness
Motivation,laziness
Hinder,laziness
Portable,laziness
Pleasure,laziness
Prejudice,laziness
Mental,laziness
Trait,laziness
Failure,laziness
Apology,laziness
Humour,laziness
Madam,laziness
Hate,laziness
Vice,laziness
Virtue,laziness
Extreme,laziness
Shame,laziness
Proof,laziness
Neglect,laziness
Pig,laziness
Wanting,laziness
Pure,laziness
Reputation,laziness
Sickness,laziness
Spiritual,laziness
Moral,laziness
Negative,laziness
Prosperity,laziness
Maiden,laziness
Fat,laziness
Mistaken,laziness
Bad,laziness
Resting,laziness
Fear,laziness
Homer,laziness
Satisfaction,laziness
Ought,laziness
Reckless,daring
Bold,daring
Fortitude,daring
Adventurous,daring
Courageous,daring
Deed,daring
Dashing,daring
Fearless,daring
Courage,daring
Bravery,daring
Coolness,daring
Bold,daring
Valiant,daring
Exploit,daring
Originality,daring
Feat,daring
Imaginative,daring
Ingenuity,daring
Dash,daring
Chivalry,daring
Insolent,daring
Valor,daring
Brave,daring
Pluck,daring
Timid,daring
Heroic,daring
Skillful,daring
Thrilling,daring
Admiration,daring
Adventurer,daring
Gallantry,daring
Heroism,daring
Cowardice,daring
Decatur,daring
Provocative,daring
Warlike,daring
Rash,daring
Peril,daring
Venture,daring
Hms,daring
Prowess,daring
Endurance,daring
Destroyer,daring
Desperate,daring
Spirited,daring
Ambitious,daring
Gallant,daring
Adventure,daring
Cunning,daring
Fiery,daring
Brilliant,daring
Skill,daring
Genius,daring
Boldly,daring
Conspicuous,daring
Youthful,daring
Danger,daring
Innovative,daring
Foe,daring
Raid,daring
Passionate,daring
Imagination,daring
Marvellous,daring
Extraordinary,daring
Superb,daring
Vigorous,daring
Fearful,daring
Enterprise,daring
Cruelty,daring
Utmost,daring
Equal,daring
Thrill,daring
Rescue,daring
Savage,daring
Reputation,daring
Admire,daring
Ambition,daring
Fear,daring
Lofty,daring
Trembling,daring
Bonaparte,daring
Dare,daring
Clever,daring
Intellect,daring
Suffering,daring
Enemy,daring
Tactic,daring
Contempt,daring
Excitement,daring
Daring,daring
Countenance,daring
Boyish,daring
Hope,daring
Breathe,daring
Temperance,daring
Generosity,daring
Robbery,daring
Skilful,daring
Incredible,daring
Brave,daring
Cowardice,timidity
Modesty,timidity
Fortitude,timidity
Distrust,timidity
Timid,timidity
Hesitation,timidity
Embarrassment,timidity
Reluctance,timidity
Gentleness,timidity
Shrinking,timidity
Caution,timidity
Dread,timidity
Fake,timidity
Softness,timidity
Weakness,timidity
Prudence,timidity
Courage,timidity
Evince,timidity
Tenderness,timidity
Overcome,timidity
Ignorance,timidity
Shy,timidity
Boldly,timidity
Delicacy,timidity
Undue,timidity
Occasion,timidity
Excessive,timidity
Disposition,timidity
Apprehension,timidity
Morbid,timidity
Libby,timidity
Cautious,timidity
Intentionally,timidity
Indifference,timidity
Erratic,timidity
Conceit,timidity
Moderation,timidity
Inexplicable,timidity
Mingle,timidity
Cowardly,timidity
Shame,timidity
Curiosity,timidity
Daring,timidity
Confidence,timidity
Brutality,timidity
Shrink,timidity
Restrained,timidity
Anxiety,timidity
Venture,timidity
Paralyzed,timidity
Awkward,timidity
Countenance,timidity
Instinctive,timidity
Seeming,timidity
Excess,timidity
Fear,timidity
Trembling,timidity
Modest,timidity
Childish,timidity
Unworthy,timidity
Assurance,timidity
Veiled,timidity
Vanity,timidity
Exaggerated,timidity
Verge,timidity
Disdain,timidity
Accustomed,timidity
Ashamed,timidity
Feeling,timidity
Prejudice,timidity
Natural,timidity
Sentiment,timidity
Reproach,timidity
Hitherto,timidity
Betray,timidity
Extreme,timidity
Painful,timidity
Tug,timidity
Simplicity,timidity
Pious,timidity
Certain,timidity
Fatal,timidity
Impulse,timidity
Temper,timidity
Despise,timidity
Resolved,timidity
Constitutional,timidity
Passion,timidity
Savage,timidity
Embarrassed,timidity
Uttered,timidity
Acquit,timidity
Sweetness,timidity
Secrecy,timidity
Conceal,timidity
Dignity,timidity
Contempt,timidity
Restraint,timidity
Superiority,timidity
Manifest,timidity
Integrity,honesty
Openness,honesty
Sincerity,honesty
Fairness,honesty
Humility,honesty
Decency,honesty
Diligence,honesty
Generosity,honesty
Benevolence,honesty
Modesty,honesty
Simplicity,honesty
Fidelity,honesty
Hypocrisy,honesty
Loyalty,honesty
Honest,honesty
Virtue,honesty
Chastity,honesty
Perseverance,honesty
Courage,honesty
Purity,honesty
Piety,honesty
Compassion,honesty
Earnestness,honesty
Deceit,honesty
Patriotism,honesty
Blunt,honesty
Frank,honesty
Tact,honesty
Temperance,honesty
Kindness,honesty
Brutal,honesty
Sterling,honesty
Innate,honesty
Bravery,honesty
Competence,honesty
Empathy,honesty
Transparency,honesty
Firmness,honesty
Reputation,honesty
Morality,honesty
Sincere,honesty
Goodness,honesty
Refreshing,honesty
Value,honesty
Straightforward,honesty
Falsehood,honesty
Trustworthy,honesty
Willingness,honesty
Dealing,honesty
Intellectual,honesty
Prudence,honesty
Truthful,honesty
Clarity,honesty
Scruple,honesty
Propriety,honesty
Flattery,honesty
Truth,honesty
Admire,honesty
Ethical,honesty
Respect,honesty
Moral,honesty
Devotion,honesty
Moderation,honesty
Fearless,honesty
Appreciate,honesty
Respected,honesty
Trait,honesty
Moral,honesty
Praise,honesty
Gentleness,honesty
Temptation,honesty
Doubt,honesty
Obedience,honesty
Reliability,honesty
Rationality,honesty
Respect,honesty
Honestly,honesty
Credibility,honesty
Strict,honesty
Homely,honesty
Manly,honesty
Conscience,honesty
Zeal,honesty
Profess,honesty
Compel,honesty
Humour,honesty
Cheating,honesty
Cheat,honesty
Compliment,honesty
Forgiveness,honesty
Confidence,honesty
Absolute,honesty
Commend,honesty
Wit,honesty
Valour,honesty
Dignity,honesty
Adherence,honesty
Deception,honesty
Transparent,honesty
Distrust,honesty
Openness,candour
Sincerity,candour
Honesty,candour
Modesty,candour
Simplicity,candour
Censure,candour
Generosity,candour
Moderation,candour
Benevolence,candour
Ingenuity,candour
Innocence,candour
Vigour,candour
Utmost,candour
Engaging,candour
Waverley,candour
Amiable,candour
Frank,candour
Posterity,candour
Admirable,candour
Prejudice,candour
Shew,candour
Humility,candour
Deserving,candour
Dryden,candour
Endeavour,candour
Gentleness,candour
Integrity,candour
Delicacy,candour
Ignorance,candour
Irony,candour
Zeal,candour
Sweetness,candour
Purity,candour
Brutal,candour
Vanity,candour
Confess,candour
Imitate,candour
Compel,candour
Kindness,candour
Joyous,candour
Confessed,candour
Startling,candour
Countenance,candour
Temper,candour
Displease,candour
Sincere,candour
Disposition,candour
Admire,candour
Gallantry,candour
Wit,candour
Virtuous,candour
Favour,candour
Lordship,candour
Esteem,candour
Truth,candour
Agreeable,candour
Fault,candour
Compliment,candour
Humour,candour
Confession,candour
Charm,candour
Worthy,candour
Judgment,candour
Goodness,candour
Absolute,candour
Confidence,candour
Noble,candour
Acknowledge,candour
Prudence,candour
Virtue,candour
Perfect,candour
Transparent,candour
Motive,candour
Praise,candour
Admit,candour
Condemn,candour
Statutory,candour
Vivid,candour
Oblige,candour
Opinion,candour
Inclination,candour
Charming,candour
Envy,candour
Accustomed,candour
Uncommon,candour
Usual,candour
Scandal,candour
Excuse,candour
Quality,candour
Courtesy,candour
Treated,candour
Generous,candour
Sentiment,candour
Openly,candour
Affection,candour
Acquaintance,candour
Confident,candour
Honour,candour
Temptation,candour
Excellence,candour
Trustworthy,reliable
Efficient,reliable
Unreliable,reliable
Credible,reliable
Valid,reliable
Inexpensive,reliable
Accurate,reliable
Affordable,reliable
Robust,reliable
Durable,reliable
Safe,reliable
Timely,reliable
Tcp,reliable
Reliability,reliable
Economical,reliable
Efficient,reliable
Predictable,reliable
Proven,reliable
Consistent,reliable
Rugged,reliable
Versatile,reliable
Objective,reliable
Calibration,reliable
Steady,reliable
Cheap,reliable
Simple,reliable
Factual,reliable
Responsive,reliable
Indicator,reliable
Ensure,reliable
Transistor,reliable
Proved,reliable
Effective,reliable
Easy,reliable
Protocol,reliable
Standardize,reliable
Secure,reliable
Fast,reliable
Reasonably,reliable
Solid,reliable
Analytical,reliable
Measurement,reliable
Competent,reliable
Assessment,reliable
Datum,reliable
Source,reliable
Flexible,reliable
Relevant,reliable
Stable,reliable
Convenient,reliable
Stable,reliable
Adequate,reliable
Data,reliable
Electricity,reliable
Information,reliable
Method,reliable
Provide,reliable
Quality,reliable
Safe,reliable
Ideally,reliable
Assess,reliable
Viable,reliable
Automate,reliable
Infrastructure,reliable
Reputation,reliable
Transmission,reliable
Delivery,reliable
Prediction,reliable
Detection,reliable
Accurately,reliable
Useful,reliable
Optimize,reliable
Precise,reliable
Invasive,reliable
Identification,reliable
Measure,reliable
Trusted,reliable
Criterion,reliable
Supply,reliable
Engine,reliable
Relatively,reliable
Expensive,reliable
Highly,reliable
Accuracy,reliable
Effectiveness,reliable
Maintenance,reliable
Diagnosis,reliable
Procedure,reliable
Lack,reliable
Extremely,reliable
Measuring,reliable
Comparable,reliable
Test,reliable
Detector,reliable
Fairly,reliable
Witness,reliable
Monitoring,reliable
Server,reliable
Computing,reliable
Communication,reliable
Ratification,consideration
Outweigh,consideration
Ethical,consideration
Methodological,consideration
Deserving,consideration
Submit,consideration
Careful,consideration
Propriety,consideration
Transmit,consideration
Under,consideration
Traded,consideration
Cash,consideration
Deserve,consideration
Worthy,consideration
Commend,consideration
Expedient,consideration
Pragmatic,consideration
Unworthy,consideration
Hereby,consideration
Equitable,consideration
Irrelevant,consideration
Recommend,consideration
Practical,consideration
Deliberation,consideration
Fairness,consideration
Deferred,consideration
Respectful,consideration
Worthy,consideration
Theoretical,consideration
Preclude,consideration
Aesthetic,consideration
Trade,consideration
Impartial,consideration
Dictate,consideration
Kindness,consideration
Respectfully,consideration
Serious,consideration
Postpone,consideration
Worldly,consideration
Geometrical,consideration
Relevant,consideration
Advisable,consideration
Selfish,consideration
Whereof,consideration
Undue,consideration
Attentive,consideration
Congress,consideration
Thoughtful,consideration
Accord,consideration
Adjourn,consideration
Humbly,consideration
Trifling,consideration
Motivate,consideration
Mitigate,consideration
Favorable,consideration
Paramount,consideration
Welfare,consideration
Prudence,consideration
Purely,consideration
Utmost,consideration
Ineligible,consideration
Objection,consideration
Evince,consideration
Arising,consideration
Moral,consideration
Aside,consideration
Entreat,consideration
Impel,consideration
Approbation,consideration
Thereof,consideration
Practicable,consideration
Justly,consideration
Appropriation,consideration
Politeness,consideration
Treat,consideration
Deference,consideration
Regard,consideration
Humane,consideration
Motive,consideration
Hereafter,consideration
Inconvenience,consideration
Recommendation,consideration
Continuance,consideration
Especial,consideration
Merit,consideration
Sentencing,consideration
Circumstance,consideration
Proposition,consideration
Legal,consideration
Dictate,consideration
Proposal,consideration
Inasmuch,consideration
Delicacy,consideration
Practical,consideration
Constrained,consideration
Decency,consideration
Override,consideration
Taking,consideration
Sampling,consideration
Above,consideration
Prevention,cruelty
Injustice,cruelty
Barbarous,cruelty
Perpetrate,cruelty
Tyranny,cruelty
Brutality,cruelty
Oppression,cruelty
Humane,cruelty
Desertion,cruelty
Inhuman,cruelty
Cowardice,cruelty
Greed,cruelty
Treachery,cruelty
Inflict,cruelty
Adultery,cruelty
Ferocity,cruelty
Lust,cruelty
Wickedness,cruelty
Hypocrisy,cruelty
Practised,cruelty
Refinement,cruelty
Intolerable,cruelty
Bloodshed,cruelty
Arrogance,cruelty
Stupidity,cruelty
Malice,cruelty
Animal,cruelty
Deceit,cruelty
Cruel,cruelty
Savage,cruelty
Odious,cruelty
Torture,cruelty
Atrocity,cruelty
Tyrant,cruelty
Animal,cruelty
Brutal,cruelty
Relentless,cruelty
Falsehood,cruelty
Horrible,cruelty
Ruthless,cruelty
Neglect,cruelty
Horrid,cruelty
Ferocious,cruelty
Extortion,cruelty
Hatred,cruelty
Kindness,cruelty
Outrage,cruelty
Suffering,cruelty
Cruel,cruelty
Needless,cruelty
Indignation,cruelty
Divorce,cruelty
Compassion,cruelty
Nero,cruelty
Superstition,cruelty
Unheard,cruelty
Exercise,cruelty
Intolerance,cruelty
Spaniard,cruelty
Remorse,cruelty
Torment,cruelty
Inquisition,cruelty
Aggravate,cruelty
Hardness,cruelty
Overseer,cruelty
Vanity,cruelty
Hideous,cruelty
Shameful,cruelty
Severity,cruelty
Deliberate,cruelty
Unnecessary,cruelty
Felony,cruelty
Blooded,cruelty
Slaughter,cruelty
Subject,cruelty
Idleness,cruelty
Indifference,cruelty
Filth,cruelty
Monstrous,cruelty
Herod,cruelty
Shocking,cruelty
Hardship,cruelty
Violence,cruelty
Treat,cruelty
Ignorance,cruelty
Vengeance,cruelty
Caprice,cruelty
Habitual,cruelty
Disgrace,cruelty
Gentleness,cruelty
Extravagance,cruelty
Vile,cruelty
Misery,cruelty
Slavery,cruelty
Notorious,cruelty
Exasperate,cruelty
Unnatural,cruelty
Horrify,cruelty
Punish,cruelty
Infamous,cruelty
Loving,kindness
Gentleness,kindness
Generosity,kindness
Repay,kindness
Benevolence,kindness
Gratitude,kindness
Compassion,kindness
Loving,kindness
Indebted,kindness
Hospitality,kindness
Grateful,kindness
Treat,kindness
Goodness,kindness
Courtesy,kindness
Shew,kindness
Tenderness,kindness
Gratefully,kindness
Affectionate,kindness
Affection,kindness
Honesty,kindness
Cruelty,kindness
Thank,kindness
Sympathy,kindness
Humility,kindness
Politeness,kindness
Acknowledgment,kindness
Hospitable,kindness
Utmost,kindness
Sweetness,kindness
Cordial,kindness
Treated,kindness
Firmness,kindness
Generous,kindness
Merciful,kindness
Entreat,kindness
Patience,kindness
Indulgence,kindness
Decency,kindness
Sincere,kindness
Evince,kindness
Mercy,kindness
Milk,kindness
Sincerity,kindness
Generously,kindness
Beseech,kindness
Ladyship,kindness
Tact,kindness
Bestow,kindness
Thankful,kindness
Hearty,kindness
Token,kindness
Owe,kindness
Bestowed,kindness
Disposition,kindness
Forgiveness,kindness
Gracious,kindness
Sincerely,kindness
Friendship,kindness
Appreciate,kindness
Empathy,kindness
Compassionate,kindness
Stranger,kindness
Amiable,kindness
Bounty,kindness
Unworthy,kindness
Benevolent,kindness
Soothe,kindness
Esteem,kindness
Thanks,kindness
Courteous,kindness
Warmth,kindness
Fairness,kindness
Pity,kindness
Softened,kindness
Heartily,kindness
Trifling,kindness
Especial,kindness
Deserve,kindness
Sensible,kindness
Cherish,kindness
Delicacy,kindness
Overwhelmed,kindness
Righteousness,kindness
Hearted,kindness
Tender,kindness
Caress,kindness
Endeavour,kindness
Tenderly,kindness
Manifest,kindness
Remembrance,kindness
Overwhelm,kindness
Treat,kindness
Manly,kindness
Reproach,kindness
Desire,kindness
Simplicity,kindness
Deed,kindness
Virtue,kindness
Homely,kindness
Encouragement,kindness
